word,coefficient
new,0.06450429937822368
clear,0.00041437843246986284
good,0.00022493689987930946
hard,-0.0007999412003655465
quiet,-0.0015146292354242838
